{"properties": [
  {
    "name": "application.security.access-token-secret",
    "type": "java.lang.String",
    "description": "A description for 'application.security.access-token-secret'"
  },
  {
    "name": "application.security.refresh-token-secret",
    "type": "java.lang.String",
    "description": "A description for 'application.security.refresh-token-secret'"
  },
  {
    "name": "spring.jpa.hibernate.show-sql",
    "type": "java.lang.String",
    "description": "A description for 'spring.jpa.hibernate.show-sql'"
  },
  {
    "name": "application.security.token-secret",
    "type": "java.lang.String",
    "description": "A description for 'application.security.token-secret'"
  },
  {
    "name": "application.security.token-secret",
    "type": "java.lang.String",
    "description": "A description for 'application.security.token-secret'"
  },
  {
    "name": "application.security.token-secret",
    "type": "java.lang.String",
    "description": "A description for 'application.security.token-secret'"
  },
  {
    "name": "application.security.access-token.expiration",
    "type": "java.lang.String",
    "description": "A description for 'application.security.access-token.expiration'"
  },
  {
    "name": "application.security.refresh-token.expiration",
    "type": "java.lang.String",
    "description": "A description for 'application.security.refresh-token.expiration'"
  }
]}