<?xml version="1.0" encoding="UTF-8"?>

<!DOCTYPE mapper
        PUBLIC "-//mybatis.org//DTD Mapper 3.0//EN"
        "http://mybatis.org/dtd/mybatis-3-mapper.dtd">

<mapper namespace="com.ssm.Zaiko.dao.StockMapper">
	<!-- 全件検索 -->
	<select id="findAll" resultType="com.ssm.Zaiko.entity.Stock">
		SELECT t1.*, t2.code_name AS unit_name,ROW_NUMBER() OVER (ORDER BY t1.stock_id) AS row_id
		FROM t_stock t1
		LEFT JOIN m_code t2 ON t1.unit_id = t2.code_id AND t2.code_kbn = '0001'
		WHERE t1.del_flg = 0;
	</select>

	<!-- 検索機能 -->
	<select id="findByCondition"
		resultType="com.ssm.Zaiko.entity.Stock">
		SELECT t1.*, t2.code_name AS unit_name,ROW_NUMBER() OVER (ORDER BY t1.stock_id) AS row_id
		FROM t_stock t1
		LEFT JOIN m_code t2 ON t1.unit_id = t2.code_id AND t2.code_kbn = '0001'
		<where>
			t1.del_flg = 0
			<if test="name != null and name != ''">
				AND t1.name LIKE CONCAT('%', #{name}, '%')

			</if>

			<if test="unitId != null and unitId != '000'">
				AND t1.unit_id = #{unitId}
			</if>

			<if test="startDate!=null and startDate!=''">
				and t1.update_date &gt;= #{startDate}
			</if>
			<if test="endDate !=null and endDate !=''">
				and t1.update_date &lt;= #{endDate}
			</if>

		</where>
	</select>
	
    <select id="findByid" resultType="com.ssm.Zaiko.entity.Stock">
		SELECT * FROM t_stock WHERE stock_id = #{stockId} AND del_flg = 0;  
	</select>
	
	<select id="findMaxIndexOfStock"
		resultType="com.ssm.Zaiko.entity.Stock">
		SELECT * FROM library.t_stock WHERE stock_id = (SELECT MAX(stock_id) FROM
		t_stock);

	</select>
	
	<select id="getRowid"
		resultType="com.ssm.Zaiko.entity.Stock">
		SELECT *,row_number() over (order by stock_id) as row_id FROM t_stock
	</select>
    <!-- 削除機能 -->
	<update id="deleteStock">
		UPDATE t_stock SET del_flg = 1 WHERE stock_id = (SELECT stock_id FROM (SELECT stock_id FROM t_stock ORDER BY stock_id LIMIT #{rowId}, 1) AS subquery);
	</update>

</mapper>